A기관,B기관
A6,B6431
A9,B180
A14,B3562
A15,B4544
A18,B3152
A19,B5473
A22,B288
A23,B5738
A29,B8353
A30,B1030
A31,B3045
A38,B8305
A40,B630
A42,B3141
A43,B1860
A46,B4453
A49,B4799
A51,B3055
A53,B4216
A56,B4397
A57,B818
A62,B4363
A71,B2671
A75,B1059
A76,B1833
A81,B6013
A82,B5466
A94,B3101
A95,B1252
A99,B659
A101,B3825
A105,B3442
A111,B7362
A112,B3643
A114,B6978
A115,B8526
A116,B6645
A118,B7567
A128,B5255
A129,B5735
A132,B8507
A135,B2041
A148,B616
A149,B932
A150,B5600
A151,B8443
A154,B5993
A155,B7868
A158,B6532
A160,B70
A170,B3146
A172,B346
A175,B903
A176,B4871
A178,B6846
A181,B3844
A183,B3325
A194,B899
A196,B3214
A198,B2275
A201,B1828
A202,B6631
A205,B6935
A206,B3684
A208,B6920
A209,B7906
A213,B3896
A215,B1147
A216,B7941
A219,B5428
A221,B4407
A222,B1900
A223,B2931
A229,B4321
A230,B678
A239,B7277
A241,B3089
A242,B9332
A243,B7932
A244,B915
A245,B7845
A249,B6410
A251,B9383
A254,B1877
A255,B6686
A265,B5290
A266,B9342
A268,B7165
A274,B8544
A276,B9821
A277,B888
A285,B1462
A291,B3892
A292,B2845
A297,B3474
A298,B7919
A302,B3142
A303,B7133
A305,B807
A313,B4167
A315,B4952
A319,B9207
A323,B2166
A327,B6178
A328,B7383
A331,B8811
A337,B563
A343,B267
A346,B3802
A355,B8597
A358,B5184
A361,B8018
A363,B6347
A365,B670
A371,B40
A372,B2593
A374,B9238
A382,B2518
A385,B7991
A388,B8545
A390,B2610
A398,B9954
A404,B2878
A407,B1440
A408,B105
A409,B8365
A411,B2526
A416,B2369
A418,B4542
A424,B1586
A429,B8620
A430,B2174
A436,B1802
A440,B6937
A443,B8199
A446,B9606
A449,B6926
A456,B8945
A459,B1547
A462,B2912
A463,B2669
A469,B6134
A471,B1901
A473,B6774
A474,B7263
A484,B1344
A485,B8738
A486,B9229
A489,B3315
A490,B588
A500,B9378
A504,B1305
A507,B5289
A508,B8583
A513,B8099
A516,B3196
A524,B2105
A529,B7166
A534,B7497
A538,B4579
A539,B5853
A543,B1508
A547,B3121
A552,B8304
A555,B3710
A560,B7776
A562,B163
A564,B6657
A566,B51
A570,B2884
A571,B5472
A573,B8258
A574,B701
A575,B2780
A582,B1895
A584,B7855
A585,B6892
A587,B66
A588,B4480
A592,B4503
A594,B9800
A595,B1494
A598,B6177
A599,B7947
A604,B2571
A606,B4327
A608,B1385
A611,B8933
A613,B6056
A618,B474
A627,B8885
A630,B4196
A631,B8599
A641,B5696
A643,B9017
A647,B6356
A650,B5402
A652,B1275
A655,B2869
A656,B8409
A660,B1767
A661,B6438
A663,B5334
A664,B4109
A667,B5185
A669,B2474
A675,B5429
A676,B4202
A678,B4881
A681,B2069
A683,B5831
A685,B2816
A704,B695
A706,B3927
A709,B8907
A710,B1965
A712,B5256
A714,B5790
A722,B544
A726,B9795
A728,B791
A729,B5189
A730,B565
A733,B9581
A735,B4113
A736,B416
A737,B1238
A743,B5693
A746,B7584
A750,B5820
A754,B5997
A755,B9916
A758,B579
A759,B8700
A760,B3024
A764,B282
A768,B6387
A773,B1768
A774,B1708
A778,B6976
A779,B5431
A782,B1786
A784,B2783
A788,B2485
A790,B4129
A793,B6358
A798,B1842
A802,B7264
A806,B6612
A807,B8181
A811,B7786
A820,B2906
A825,B9093
A831,B875
A837,B7596
A839,B5393
A840,B2170
A841,B4370
A844,B5119
A845,B549
A846,B3801
A848,B5149
A852,B1186
A861,B7306
A862,B7265
A868,B3138
A870,B4210
A871,B1590
A877,B5241
A880,B5168
A881,B9638
A884,B1554
A888,B5614
A895,B2779
A899,B8687
A907,B5646
A913,B7484
A914,B9240
A922,B643
A924,B852
A930,B2231
A938,B5541
A939,B8381
A943,B7455
A945,B2799
A948,B2422
A949,B1279
A953,B7754
A955,B9354
A957,B2093
A958,B5331
A962,B3022
A967,B6452
A970,B6074
A977,B1137
A979,B2694
A984,B1771
A985,B7062
A990,B6791
A991,B4765
A994,B9194
A995,B6817
A996,B8617
A1003,B3107
A1006,B5795
A1010,B9013
A1011,B3473
A1014,B7014
A1021,B6650
A1022,B6836
A1031,B6101
A1034,B6230
A1037,B2921
A1041,B2903
A1045,B2007
A1048,B2227
A1056,B4373
A1059,B3406
A1063,B8888
A1064,B2522
A1067,B9809
A1068,B447
A1069,B6653
A1070,B2309
A1071,B2269
A1075,B8238
A1088,B9956
A1090,B3163
A1093,B2393
A1094,B4169
A1095,B4361
A1097,B268
A1098,B7742
A1105,B2236
A1114,B5577
A1121,B2398
A1124,B4615
A1125,B5046
A1127,B3589
A1139,B4175
A1140,B6444
A1141,B5812
A1149,B6357
A1150,B8340
A1164,B1495
A1166,B7506
A1167,B4420
A1170,B9981
A1171,B2432
A1172,B1484
A1174,B5766
A1177,B7055
A1184,B866
A1185,B7217
A1186,B9304
A1188,B2079
A1189,B758
A1196,B6858
A1206,B3389
A1214,B3661
A1216,B687
A1217,B9887
A1218,B4494
A1223,B3612
A1227,B9908
A1229,B1676
A1230,B1026
A1233,B1151
A1239,B2697
A1240,B1504
A1245,B8499
A1248,B8730
A1250,B1154
A1251,B3145
A1256,B8760
A1258,B3984
A1262,B263
A1265,B2147
A1273,B3924
A1274,B1488
A1275,B5089
A1277,B8870
A1283,B3437
A1289,B9458
A1290,B5326
A1293,B4353
A1303,B7503
A1307,B6563
A1308,B1647
A1309,B9428
A1311,B8149
A1313,B259
A1316,B5461
A1320,B6326
A1324,B6253
A1327,B1126
A1332,B7652
A1344,B968
A1345,B1788
A1347,B6767
A1351,B77
A1352,B3165
A1360,B5569
A1367,B8825
A1369,B5401
A1372,B2021
A1373,B4553
A1375,B3278
A1379,B7634
A1380,B6225
A1381,B6378
A1387,B1133
A1388,B8918
A1389,B1090
A1395,B5605
A1403,B5666
A1409,B6571
A1410,B5816
A1412,B6929
A1413,B4475
A1418,B1025
A1425,B6533
A1426,B7364
A1428,B300
A1429,B9213
A1434,B207
A1439,B4686
A1443,B2535
A1444,B238
A1451,B738
A1453,B8144
A1454,B347
A1456,B9717
A1458,B5490
A1462,B8508
A1465,B9339
A1466,B8780
A1474,B3804
A1475,B3693
A1479,B1626
A1482,B2075
A1485,B8038
A1490,B6158
A1494,B6244
A1495,B9702
A1501,B1910
A1502,B8787
A1503,B8647
A1509,B1836
A1516,B4359
A1519,B1908
A1529,B5783
A1534,B2604
A1537,B137
A1538,B956
A1551,B3046
A1555,B6447
A1557,B4865
A1562,B4089
A1565,B9820
A1566,B5371
A1571,B6261
A1572,B4468
A1573,B7296
A1575,B5501
A1580,B129
A1581,B8130
A1584,B7295
A1586,B552
A1587,B984
A1591,B7199
A1594,B7849
A1595,B1384
A1596,B1201
A1597,B5138
A1604,B8734
A1608,B2500
A1610,B8817
A1611,B5611
A1616,B4456
A1621,B2606
A1623,B8871
A1624,B7282
A1625,B5554
A1628,B5147
A1629,B5301
A1635,B3491
A1642,B4500
A1646,B7
A1654,B2363
A1655,B7611
A1658,B1125
A1659,B2187
A1672,B5849
A1679,B1138
A1681,B4012
A1684,B3765
A1690,B74
A1694,B4919
A1695,B8490
A1697,B4144
A1700,B7242
A1704,B5530
A1713,B1422
A1718,B7213
A1721,B8948
A1724,B4409
A1725,B8867
A1728,B6195
A1729,B4166
A1732,B6800
A1733,B9412
A1735,B8025
A1738,B4584
A1743,B4264
A1744,B9922
A1746,B1361
A1748,B8120
A1751,B8301
A1766,B8635
A1769,B5526
A1780,B8132
A1781,B9204
A1786,B8327
A1795,B7801
A1796,B8733
A1801,B6560
A1806,B8372
A1809,B1345
A1811,B314
A1819,B3576
A1820,B810
A1822,B6949
A1827,B5870
A1829,B1620
A1832,B9626
A1833,B4243
A1834,B339
A1836,B8147
A1837,B1670
A1840,B8419
A1841,B5739
A1844,B7192
A1846,B7959
A1854,B5483
A1860,B7902
A1863,B7036
A1867,B2769
A1868,B6940
A1870,B776
A1871,B9455
A1872,B6306
A1878,B9331
A1882,B9105
A1886,B4668
A1888,B9808
A1893,B4205
A1895,B274
A1897,B7604
A1898,B6203
A1901,B494
A1902,B6665
A1915,B8235
A1919,B6131
A1922,B5786
A1926,B8786
A1927,B6891
A1930,B1663
A1932,B7255
A1933,B9043
A1934,B1973
A1940,B7162
A1941,B9677
A1943,B1692
A1947,B7873
A1951,B2418
A1955,B1556
A1956,B8139
A1960,B9562
A1962,B689
A1970,B343
A1974,B7939
A1975,B8425
A1977,B6863
A1978,B26
A1981,B7610
A1985,B8513
A1994,B1463
A1998,B9576
A2005,B9868
A2009,B3610
A2011,B5951
A2013,B3402
A2015,B6667
A2016,B9308
A2022,B7376
A2028,B3572
A2031,B385
A2035,B2590
A2044,B6340
A2052,B5968
A2053,B4227
A2055,B9912
A2067,B1192
A2080,B1675
A2082,B5363
A2083,B3922
A2084,B3599
A2085,B2142
A2090,B1415
A2091,B3776
A2094,B2379
A2103,B4719
A2104,B4495
A2109,B4774
A2112,B6601
A2116,B3363
A2130,B4783
A2135,B6712
A2140,B7973
A2143,B2401
A2148,B7168
A2150,B5106
A2154,B6107
A2155,B7439
A2162,B5235
A2174,B6746
A2179,B9283
A2181,B4258
A2188,B2463
A2189,B1483
A2192,B6026
A2194,B5008
A2196,B6234
A2197,B6290
A2199,B5441
A2200,B5234
A2201,B2916
A2202,B4893
A2205,B1395
A2212,B8373
A2214,B7732
A2215,B7004
A2221,B7445
A2227,B7602
A2228,B6614
A2229,B1085
A2236,B5314
A2245,B3081
A2246,B1008
A2248,B8367
A2263,B4965
A2266,B9216
A2267,B8374
A2272,B2831
A2275,B5586
A2278,B721
A2280,B9604
A2283,B5797
A2284,B9960
A2292,B1570
A2295,B3916
A2297,B2403
A2300,B8674
A2309,B4868
A2312,B707
A2313,B8039
A2315,B322
A2316,B7717
A2320,B4360
A2327,B6553
A2328,B6700
A2333,B8720
A2337,B383
A2338,B311
A2340,B2876
A2343,B9777
A2349,B4975
A2353,B1623
A2357,B6640
A2360,B1576
A2364,B3986
A2365,B5823
A2367,B7104
A2371,B4621
A2372,B9542
A2373,B3874
A2379,B5011
A2385,B6044
A2386,B6344
A2389,B1057
A2391,B8649
A2395,B5876
A2397,B5259
A2398,B3251
A2407,B3493
A2410,B35
A2411,B5233
A2416,B4438
A2417,B3870
A2420,B7340
A2421,B9464
A2426,B7146
A2429,B2839
A2430,B6689
A2433,B9042
A2442,B781
A2443,B1969
A2447,B824
A2451,B6617
A2453,B3027
A2454,B3360
A2457,B8927
A2459,B9766
A2460,B1048
A2462,B6714
A2463,B8260
A2472,B2806
A2473,B1657
A2478,B2968
A2482,B4034
A2486,B8331
A2487,B7757
A2488,B2329
A2489,B7641
A2491,B4491
A2492,B955
A2494,B6561
A2496,B8105
A2497,B9074
A2498,B6161
A2504,B8013
A2509,B2712
A2511,B3862
A2516,B9242
A2517,B6481
A2520,B648
A2523,B4647
A2527,B912
A2531,B8311
A2532,B3355
A2535,B3015
A2542,B9186
A2544,B9481
A2545,B5717
A2550,B1518
A2552,B5137
A2554,B5747
A2558,B1532
A2564,B5403
A2570,B458
A2574,B3703
A2581,B4104
A2586,B2137
A2588,B6012
A2589,B6886
A2590,B3134
A2591,B7760
A2593,B4457
A2595,B2663
A2598,B3354
A2600,B3465
A2607,B800
A2609,B1110
A2615,B5677
A2616,B8696
A2617,B2371
A2627,B7116
A2630,B7748
A2636,B2996
A2637,B9645
A2639,B6731
A2641,B4598
A2645,B1165
A2647,B1098
A2648,B4903
A2650,B4555
A2654,B5055
A2656,B8072
A2658,B2253
A2660,B7614
A2677,B201
A2679,B7644
A2680,B234
A2684,B5560
A2685,B5469
A2693,B6142
A2694,B7839
A2698,B7589
A2709,B2636
A2712,B1822
A2716,B9631
A2717,B2666
A2719,B7051
A2721,B7324
A2726,B8033
A2728,B3728
A2730,B6608
A2732,B1162
A2736,B478
A2738,B5596
A2739,B1168
A2742,B3863
A2743,B3397
A2749,B5264
A2751,B4080
A2755,B6551
A2758,B8839
A2760,B2064
A2763,B5304
A2765,B5237
A2769,B6745
A2779,B2796
A2782,B957
A2785,B1980
A2787,B1752
A2789,B8827
A2792,B6399
A2793,B4098
A2794,B723
A2795,B9360
A2799,B2214
A2801,B9305
A2812,B9966
A2813,B3930
A2814,B9135
A2818,B838
A2829,B7726
A2831,B6011
A2833,B9429
A2834,B8368
A2839,B9574
A2840,B6550
A2841,B4636
A2848,B3830
A2850,B5319
A2851,B8630
A2853,B7350
A2865,B6730
A2875,B908
A2878,B6143
A2879,B4182
A2891,B9653
A2892,B2271
A2893,B5576
A2896,B6975
A2899,B498
A2906,B5381
A2913,B1898
A2919,B1243
A2925,B4650
A2931,B5944
A2933,B8935
A2938,B4948
A2941,B2817
A2942,B2177
A2943,B7331
A2949,B3727
A2952,B4785
A2955,B8718
A2956,B2844
A2957,B2342
A2961,B7998
A2963,B2289
A2966,B9209
A2978,B638
A2979,B2095
A2980,B9652
A2982,B8241
A2984,B5811
A2985,B5537
A2990,B1096
A2993,B4273
A2999,B1728
A3000,B2202
A3002,B7513
A3008,B614
A3009,B6500
A3013,B7043
A3014,B2012
A3023,B8725
A3027,B7841
A3028,B2325
A3044,B3647
A3048,B9387
A3049,B649
A3053,B2373
A3059,B7428
A3061,B5570
A3062,B7069
A3064,B5652
A3066,B9988
A3069,B3035
A3071,B8845
A3072,B2904
A3079,B6768
A3085,B9462
A3086,B4318
A3088,B2294
A3090,B3445
A3094,B604
A3097,B5430
A3098,B1597
A3100,B9656
A3106,B3060
A3109,B4723
A3110,B9038
A3111,B5755
A3115,B8156
A3119,B6771
A3122,B1691
A3123,B5024
A3124,B1608
A3129,B9386
A3130,B9913
A3133,B9898
A3137,B160
A3141,B8699
A3144,B9627
A3145,B515
A3146,B715
A3152,B7473
A3154,B6392
A3155,B7102
A3156,B1388
A3157,B4528
A3158,B2118
A3163,B2224
A3166,B9241
A3168,B1358
A3174,B4356
A3177,B2951
A3180,B686
A3184,B2186
A3186,B7977
A3189,B3283
A3190,B4591
A3192,B3832
A3193,B1634
A3194,B4701
A3198,B9535
A3201,B2207
A3206,B1187
A3213,B5413
A3218,B3932
A3224,B3096
A3227,B9353
A3233,B6502
A3237,B3036
A3239,B8572
A3240,B2022
A3241,B6946
A3242,B2073
A3246,B2552
A3248,B993
A3258,B9839
A3262,B9890
A3271,B513
A3279,B8723
A3284,B5620
A3285,B9318
A3289,B5521
A3292,B3646
A3294,B2682
A3300,B3838
A3301,B7303
A3302,B6498
A3304,B2044
A3312,B5128
A3314,B7811
A3323,B8247
A3329,B2834
A3330,B7582
A3331,B3377
A3335,B2537
A3336,B4778
A3344,B3220
A3348,B4749
A3350,B6880
A3361,B8684
A3362,B664
A3364,B398
A3383,B8200
A3386,B9073
A3387,B6671
A3391,B1956
A3395,B7312
A3396,B3297
A3397,B2084
A3399,B4678
A3400,B2513
A3402,B8167
A3408,B8853
A3409,B2442
A3412,B3707
A3413,B6832
A3415,B6793
A3416,B3287
A3427,B3099
A3428,B7297
A3429,B8798
A3433,B6956
A3438,B7539
A3441,B1381
A3442,B6486
A3449,B7645
A3453,B2460
A3457,B3809
A3459,B2911
A3465,B7908
A3471,B2193
A3473,B8610
A3474,B3620
A3475,B6941
A3485,B3533
A3486,B2719
A3490,B5868
A3495,B1249
A3500,B8316
A3505,B5551
A3506,B3330
A3510,B7670
A3513,B7479
A3516,B2922
A3523,B8022
A3524,B6685
A3525,B7053
A3530,B3467
A3531,B2943
A3532,B8694
A3535,B8895
A3541,B8519
A3543,B330
A3546,B8126
A3558,B9534
A3560,B539
A3562,B9098
A3564,B7898
A3569,B4622
A3570,B4592
A3577,B47
A3578,B2987
A3582,B7048
A3585,B9768
A3590,B2589
A3592,B3286
A3597,B611
A3598,B3898
A3601,B708
A3604,B4147
A3607,B2493
A3615,B8911
A3621,B2981
A3628,B6505
A3629,B1376
A3632,B5948
A3635,B7444
A3636,B9828
A3639,B2360
A3640,B5585
A3643,B2252
A3644,B8912
A3645,B6035
A3647,B917
A3650,B5388
A3652,B8137
A3659,B8698
A3660,B3617
A3661,B235
A3662,B6744
A3663,B1487
A3671,B161
A3680,B9140
A3682,B2210
A3686,B8876
A3688,B2183
A3694,B2687
A3696,B1306
A3699,B7487
A3703,B110
A3711,B7136
A3713,B6806
A3715,B6921
A3718,B8191
A3721,B4170
A3723,B6654
A3727,B4736
A3728,B9827
A3730,B2828
A3732,B4993
A3734,B310
A3740,B7028
A3741,B3365
A3743,B1915
A3745,B2650
A3753,B6980
A3754,B4254
A3757,B1991
A3761,B967
A3763,B8554
A3764,B1624
A3771,B8866
A3772,B4474
A3773,B9639
A3779,B5006
A3780,B680
A3789,B143
A3795,B4023
A3796,B7379
A3799,B6909
A3801,B3452
A3803,B6259
A3804,B6864
A3806,B5753
A3807,B4839
A3811,B8369
A3814,B9058
A3815,B660
A3825,B7723
A3826,B3586
A3830,B9596
A3837,B5139
A3839,B7142
A3845,B1972
A3850,B1997
A3853,B4530
A3856,B4599
A3857,B5015
A3859,B2974
A3861,B7548
A3862,B8899
A3867,B6827
A3869,B2716
A3874,B3692
A3877,B3605
A3888,B4545
A3891,B2413
A3892,B2874
A3902,B5699
A3904,B4340
A3906,B9136
A3908,B3665
A3911,B8153
A3914,B4430
A3918,B4385
A3920,B2914
A3923,B5742
A3932,B9370
A3933,B6794
A3935,B713
A3936,B3368
A3937,B4223
A3939,B6861
A3941,B7923
A3942,B4634
A3943,B8665
A3947,B2272
A3951,B4581
A3952,B7933
A3960,B2602
A3969,B9033
A3970,B7983
A3972,B6808
A3975,B1300
A3982,B5116
A3983,B4332
A3984,B1803
A3986,B8970
A3991,B929
A4000,B4541
A4007,B3996
A4013,B6830
A4021,B5181
A4022,B6697
A4023,B662
A4028,B4471
A4033,B3722
A4034,B5143
A4041,B2434
A4043,B6906
A4044,B8354
A4047,B634
A4048,B3982
A4052,B8270
A4055,B7477
A4056,B4899
A4059,B4956
A4064,B5740
A4065,B7600
A4068,B4485
A4069,B9621
A4071,B7995
A4074,B2408
A4078,B1189
A4080,B1414
A4081,B2189
A4082,B2346
A4085,B2681
A4087,B1976
A4098,B1707
A4099,B6061
A4106,B8070
A4107,B6289
A4118,B4070
A4120,B5030
A4121,B8643
A4124,B107
A4133,B6092
A4140,B934
A4142,B331
A4143,B1510
A4144,B741
A4148,B7962
A4150,B3481
A4151,B8127
A4152,B8170
A4154,B2635
A4158,B7019
A4164,B2208
A4167,B8838
A4168,B540
A4173,B9590
A4182,B3053
A4189,B7074
A4195,B9279
A4197,B2962
A4203,B3469
A4204,B9910
A4207,B5633
A4208,B9414
A4209,B7244
A4211,B9978
A4213,B7431
A4217,B22
A4219,B4462
A4224,B87
A4225,B334
A4232,B3663
A4236,B6036
A4237,B9162
A4238,B1020
A4239,B9949
A4240,B4051
A4241,B6146
A4242,B2854
A4249,B3691
A4251,B62
A4255,B5460
A4256,B2555
A4258,B4752
A4259,B7814
A4260,B3433
A4266,B4345
A4270,B1909
A4276,B1932
A4281,B2556
A4290,B1220
A4292,B1509
A4293,B7800
A4294,B6566
A4295,B7705
A4296,B1890
A4301,B471
A4302,B4754
A4304,B9696
A4310,B2992
A4312,B761
A4313,B6059
A4315,B6245
A4316,B1259
A4321,B559
A4323,B1544
A4324,B1270
A4330,B7793
A4343,B9577
A4344,B2334
A4345,B7878
A4346,B5285
A4348,B9355
A4350,B2020
A4352,B5018
A4354,B3463
A4355,B8429
A4357,B4804
A4360,B1246
A4365,B5308
A4370,B3799
A4374,B3087
A4378,B4441
A4381,B6434
A4384,B3674
A4385,B6406
A4391,B6391
A4396,B3200
A4409,B9782
A4412,B9559
A4414,B8133
A4415,B6217
A4418,B61
A4420,B3164
A4422,B9025
A4423,B6072
A4429,B4970
A4434,B4986
A4443,B3633
A4445,B1380
A4448,B894
A4450,B2448
A4451,B5262
A4454,B9646
A4463,B393
A4465,B8676
A4466,B4083
A4467,B2136
A4472,B3783
A4475,B970
A4478,B6040
A4481,B5215
A4484,B7240
A4487,B5656
A4495,B6888
A4503,B6322
A4514,B5770
A4515,B8557
A4529,B6611
A4531,B9531
A4532,B111
A4533,B2835
A4536,B6338
A4544,B8925
A4546,B6840
A4547,B8742
A4550,B808
A4551,B2985
A4553,B9979
A4556,B2627
A4557,B775
A4559,B9933
A4566,B4743
A4568,B4840
A4569,B7985
A4579,B5372
A4581,B8307
A4584,B9943
A4594,B6818
A4598,B9361
A4599,B1190
A4604,B5438
A4606,B7394
A4609,B6835
A4613,B9915
A4616,B6912
A4621,B5246
A4622,B4535
A4623,B4298
A4624,B8313
A4626,B5583
A4632,B8491
A4641,B1228
A4642,B1327
A4651,B3749
A4653,B2705
A4655,B1912
A4659,B3767
A4661,B2598
A4663,B1888
A4672,B348
A4676,B5724
A4679,B1922
A4692,B1682
A4696,B3760
A4700,B1489
A4701,B4081
A4704,B3112
A4706,B951
A4708,B1500
A4709,B2280
A4711,B1100
A4714,B4163
A4716,B3364
A4717,B2306
A4720,B4666
A4729,B9701
A4737,B4282
A4744,B6233
A4754,B4979
A4757,B1872
A4767,B7254
A4771,B9011
A4775,B2102
A4776,B4336
A4787,B8236
A4790,B5957
A4791,B1651
A4802,B6951
A4806,B5447
A4818,B1028
A4820,B4268
A4821,B8837
A4833,B2840
A4835,B2993
A4838,B4379
A4840,B4961
A4842,B9740
A4845,B7070
A4847,B1372
A4851,B6482
A4852,B2768
A4853,B9
A4858,B8100
A4861,B9158
A4866,B543
A4868,B6528
A4870,B7292
A4875,B6706
A4879,B2971
A4880,B2156
A4883,B43
A4888,B6996
A4891,B7896
A4893,B2607
A4898,B1123
A4899,B9173
A4904,B8589
A4909,B8962
A4910,B9457
A4919,B2765
A4924,B8535
A4925,B6724
A4926,B7040
A4928,B3998
A4935,B1111
A4940,B3780
A4941,B4788
A4945,B4715
A4948,B9758
A4949,B3627
A4950,B2847
A4952,B9694
A4956,B6226
A4961,B6273
A4968,B2856
A4971,B2192
A4973,B3940
A4979,B564
A4981,B612
A4982,B753
A4985,B486
A4994,B5050
A4995,B7392
A4997,B4399
A5000,B4151
A5004,B9054
A5008,B1568
A5011,B8262
A5015,B2470
A5020,B6477
A5021,B3573
A5024,B240
A5030,B361
A5034,B9894
A5039,B9076
A5043,B4921
A5045,B2811
A5046,B5316
A5049,B57
A5052,B3876
A5065,B3381
A5070,B3229
A5077,B9294
A5080,B3029
A5082,B5468
A5083,B5926
A5084,B3624
A5089,B7889
A5090,B4189
A5093,B4703
A5097,B2540
A5109,B8405
A5112,B1221
A5113,B76
A5120,B1588
A5127,B3568
A5129,B2096
A5130,B6082
A5131,B9258
A5132,B4106
A5133,B4135
A5135,B8758
A5140,B7233
A5146,B4810
A5147,B370
A5152,B1954
A5156,B819
A5157,B9955
A5158,B710
A5163,B5648
A5171,B7523
A5172,B5009
A5179,B9799
A5181,B6053
A5187,B4117
A5188,B5221
A5192,B6109
A5194,B2352
A5197,B7338
A5207,B2909
A5222,B4653
A5224,B6634
A5227,B7572
A5228,B4985
A5238,B6117
A5239,B9679
A5242,B2767
A5245,B8479
A5248,B3241
A5256,B3105
A5263,B7516
A5264,B7929
A5265,B6129
A5266,B104
A5268,B4680
A5269,B731
A5272,B9615
A5277,B2278
A5278,B9039
A5283,B7687
A5284,B6759
A5291,B3781
A5294,B2724
A5296,B5111
A5304,B7623
A5311,B2613
A5317,B3187
A5322,B3653
A5324,B2889
A5325,B9345
A5326,B5928
A5328,B6938
A5329,B9551
A5331,B9911
A5335,B1810
A5336,B3762
A5339,B2229
A5342,B199
A5345,B5057
A5347,B8489
A5354,B948
A5355,B2359
A5358,B6218
A5360,B9154
A5361,B4583
A5364,B5604
A5366,B2303
A5370,B1781
A5373,B6474
A5378,B7058
A5382,B3191
A5387,B8890
A5389,B5049
A5397,B9365
A5404,B9028
A5405,B6042
A5418,B574
A5420,B1575
A5422,B4870
A5424,B9371
A5425,B6411
A5429,B4756
A5430,B8194
A5434,B1931
A5437,B2274
A5440,B7949
A5446,B6054
A5458,B534
A5462,B7184
A5473,B8101
A5475,B7196
A5483,B5889
A5489,B7533
A5495,B3785
A5498,B1572
A5500,B2245
A5508,B5800
A5512,B99
A5514,B3369
A5517,B1838
A5519,B3732
A5523,B5942
A5527,B290
A5530,B315
A5534,B3143
A5535,B4781
A5539,B8634
A5541,B8530
A5545,B220
A5546,B694
A5547,B5421
A5552,B5852
A5554,B6625
A5556,B9929
A5558,B5573
A5560,B4498
A5563,B6725
A5569,B5556
A5579,B7402
A5580,B401
A5582,B8713
A5593,B8653
A5594,B4249
A5597,B765
A5599,B6954
A5602,B5635
A5603,B3995
A5607,B3468
A5608,B2117
A5614,B3935
A5616,B2864
A5620,B3905
A5621,B3603
A5622,B3570
A5627,B3449
A5630,B2785
A5634,B9505
A5638,B1405
A5639,B9262
A5642,B2343
A5643,B6004
A5645,B2596
A5646,B3740
A5655,B7720
A5659,B9349
A5661,B1778
A5666,B2751
A5667,B4003
A5670,B5037
A5672,B5307
A5675,B3349
A5678,B8992
A5679,B8701
A5680,B7530
A5682,B7492
A5684,B7205
A5685,B232
A5687,B3058
A5688,B2211
A5689,B7200
A5691,B1789
A5695,B3475
A5696,B6466
A5705,B5023
A5709,B4338
A5714,B5933
A5717,B9585
A5718,B6915
A5720,B8852
A5728,B6278
A5734,B5799
A5737,B7707
A5738,B7653
A5742,B6173
A5745,B1923
A5746,B5499
A5754,B1329
A5755,B8938
A5759,B3766
A5760,B688
A5761,B6228
A5765,B8326
A5766,B6934
A5768,B5956
A5772,B1506
A5776,B6663
A5777,B5515
A5780,B9944
A5781,B277
A5782,B7135
A5784,B737
A5787,B739
A5789,B1513
A5790,B9575
A5792,B1546
A5793,B3623
A5797,B4222
A5799,B6516
A5801,B1117
A5803,B820
A5805,B2559
A5809,B3248
A5814,B1612
A5818,B3321
A5819,B5077
A5822,B9404
A5831,B1689
A5832,B3432
A5836,B3235
A5839,B9278
A5841,B71
A5843,B6741
A5846,B8454
A5847,B4911
A5851,B905
A5854,B8596
A5861,B7469
A5863,B3511
A5864,B8729
A5865,B8974
A5867,B7103
A5870,B2368
A5874,B1199
A5879,B517
A5880,B380
A5882,B8880
A5884,B245
A5886,B7852
A5889,B8823
A5890,B4763
A5891,B1267
A5895,B7354
A5896,B8527
A5901,B4333
A5903,B8511
A5907,B4803
A5915,B443
A5917,B6193
A5918,B4773
A5924,B6506
A5926,B4816
A5929,B2014
A5930,B6555
A5931,B3272
A5933,B7536
A5934,B8624
A5938,B452
A5939,B9454
A5942,B7175
A5944,B13
A5950,B1868
A5955,B3495
A5957,B4186
A5959,B5626
A5960,B162
A5965,B8917
A5966,B1539
A5967,B1531
A5968,B4017
A5969,B4088
A5973,B8548
A5974,B9357
A5977,B2580
A5987,B353
A5991,B5180
A5998,B6501
A6003,B3764
A6005,B9401
A6014,B5627
A6020,B4424
A6021,B4011
A6029,B2235
A6034,B2750
A6035,B1340
A6038,B7246
A6041,B1188
A6043,B3690
A6052,B166
A6053,B9603
A6056,B9009
A6058,B9179
A6060,B3078
A6062,B8333
A6063,B3716
A6065,B7739
A6076,B2672
A6079,B4673
A6083,B1530
A6088,B8339
A6093,B5040
A6095,B6642
A6097,B9164
A6102,B6001
A6106,B9337
A6107,B2494
A6108,B8271
A6109,B248
A6117,B9784
A6122,B5826
A6126,B2316
A6127,B484
A6134,B4085
A6135,B7278
A6137,B9390
A6142,B6349
A6150,B9736
A6154,B5869
A6155,B133
A6158,B5807
A6162,B6955
A6164,B8026
A6165,B2100
A6167,B439
A6169,B6063
A6172,B2454
A6174,B5465
A6178,B2955
A6180,B8164
A6181,B7275
A6182,B1658
A6183,B3322
A6187,B7061
A6189,B7073
A6192,B5164
A6197,B4529
A6199,B4446
A6209,B9779
A6213,B9433
A6214,B3644
A6215,B5961
A6222,B7066
A6228,B9927
A6232,B2293
A6235,B223
A6240,B6285
A6242,B457
A6243,B5716
A6248,B4613
A6253,B9863
A6257,B1875
A6265,B8485
A6267,B95
A6270,B755
A6276,B9210
A6279,B1108
A6294,B6985
A6296,B5205
A6301,B6913
A6306,B6750
A6309,B6590
A6315,B1407
A6318,B5725
A6323,B4099
A6326,B5107
A6329,B2427
A6331,B6398
A6333,B591
A6334,B8824
A6337,B8027
A6339,B9465
A6343,B590
A6346,B5792
A6347,B7346
A6355,B5544
A6356,B4683
A6360,B3017
A6362,B6916
A6368,B9546
A6374,B2564
A6384,B7113
A6386,B9493
A6387,B1512
A6389,B2753
A6390,B6204
A6392,B8119
A6393,B1873
A6394,B6902
A6395,B256
A6396,B9834
A6398,B2405
A6399,B6718
A6400,B4700
A6403,B4845
A6407,B154
A6409,B3151
A6411,B236
A6418,B7414
A6420,B5092
A6421,B1469
A6424,B1694
A6426,B2625
A6432,B6097
A6436,B9065
A6437,B2718
A6442,B8456
A6443,B8459
A6449,B5320
A6450,B6251
A6457,B3530
A6458,B8509
A6462,B3946
A6470,B4040
A6473,B1617
A6474,B1650
A6475,B4797
A6481,B6022
A6482,B8028
A6484,B4037
A6485,B5269
A6487,B6105
A6490,B6720
A6492,B7435
A6501,B6868
A6503,B6865
A6506,B4092
A6510,B2542
A6511,B5102
A6512,B4283
A6513,B4215
A6519,B9071
A6520,B5769
A6521,B7629
A6522,B1260
A6525,B641
A6527,B9733
A6529,B5865
A6533,B7727
A6535,B4790
A6536,B3704
A6537,B6300
A6539,B7920
A6542,B2523
A6543,B6809
A6544,B3431
A6546,B6656
A6551,B9293
A6558,B5975
A6560,B3042
A6561,B6030
A6567,B6051
A6568,B185
A6569,B3194
A6575,B9141
A6578,B4860
A6579,B3222
A6580,B7698
A6582,B6066
A6585,B6389
A6587,B8230
A6588,B6825
A6590,B1642
A6597,B2741
A6599,B5657
A6603,B2908
A6606,B3717
A6608,B798
A6612,B8523
A6621,B5216
A6626,B3262
A6627,B5679
A6632,B854
A6636,B3038
A6638,B6648
A6639,B5892
A6641,B8065
A6643,B528
A6647,B6739
A6649,B7663
A6652,B700
A6654,B8287
A6655,B6932
A6656,B3261
A6659,B3768
A6663,B3326
A6667,B7885
A6674,B4188
A6676,B1557
A6685,B1146
A6695,B4582
A6696,B2776
A6697,B9708
A6698,B3817
A6707,B3794
A6710,B9393
A6711,B3396
A6713,B1083
A6718,B8242
A6724,B9280
A6732,B286
A6735,B7397
A6740,B424
A6743,B850
A6745,B302
A6746,B3821
A6749,B5073
A6755,B414
A6759,B2592
A6763,B7129
A6767,B4533
A6768,B7864
A6769,B1857
A6771,B1709
A6774,B1194
A6776,B3154
A6782,B4068
A6786,B3458
A6790,B2918
A6797,B6037
A6803,B8487
A6804,B8257
A6813,B6672
A6821,B4692
A6825,B2651
A6826,B655
A6829,B4625
A6834,B1604
A6840,B9749
A6842,B2453
A6843,B130
A6844,B3357
A6849,B9860
A6853,B4628
A6854,B8315
A6858,B1602
A6862,B3212
A6864,B3001
A6866,B3379
A6871,B5243
A6872,B2146
A6875,B8601
A6877,B8283
A6879,B9153
A6883,B6020
A6891,B1311
A6895,B5047
A6896,B4693
A6899,B8547
A6904,B5223
A6909,B7826
A6911,B3943
A6913,B7858
A6916,B9699
A6918,B4980
A6919,B9468
A6923,B6834
A6925,B1219
A6926,B1245
A6934,B4904
A6938,B8801
A6939,B3677
A6941,B8131
A6943,B4404
A6944,B4516
A6949,B9998
A6952,B4112
A6955,B2101
A6961,B3348
A6963,B1856
A6964,B3188
A6966,B1876
A6979,B519
A6981,B4005
A6984,B8765
A6987,B7934
A6988,B3415
A6989,B9537
A6990,B466
A6991,B6641
A6995,B7147
A7000,B2191
A7004,B6826
A7008,B7380
A7010,B3521
A7012,B7185
A7016,B3074
A7018,B7119
A7019,B7731
A7024,B5748
A7031,B9409
A7032,B7301
A7033,B2353
A7034,B9295
A7048,B9403
A7050,B2548
A7053,B7395
A7060,B7766
A7063,B2234
A7064,B9649
A7066,B3227
A7068,B1632
A7069,B9924
A7074,B653
A7076,B5885
A7079,B2615
A7081,B4124
A7082,B3439
A7085,B7953
A7087,B3670
A7089,B3667
A7095,B7334
A7097,B9078
A7108,B7631
A7111,B735
A7114,B1451
A7117,B88
A7120,B5642
A7123,B4531
A7125,B9692
A7129,B2670
A7132,B1779
A7133,B4448
A7134,B3730
A7137,B1492
A7140,B5941
A7141,B249
A7142,B3373
A7143,B1104
A7144,B2532
A7146,B3688
A7153,B4604
A7163,B7304
A7166,B3137
A7168,B2024
A7169,B2910
A7173,B2637
A7174,B3960
A7176,B3153
A7177,B8840
A7179,B175
A7187,B3011
A7202,B3392
A7203,B7438
A7205,B9495
A7207,B3312
A7210,B5224
A7211,B6504
A7212,B7347
A7213,B7268
A7218,B2736
A7220,B3578
A7223,B3324
A7224,B5355
A7232,B3211
A7234,B7804
A7236,B2270
A7237,B3686
A7238,B554
A7242,B485
A7248,B2994
A7250,B1223
A7256,B2438
A7265,B2331
A7266,B9451
A7270,B994
A7273,B9770
A7274,B6707
A7281,B27
A7288,B5881
A7291,B4997
A7301,B2664
A7303,B7361
A7304,B6762
A7311,B8172
A7313,B1203
A7319,B9780
A7327,B6658
A7330,B4950
A7332,B3679
A7340,B7996
A7342,B4712
A7345,B1592
A7347,B3338
A7348,B1942
A7349,B782
A7350,B7729
A7351,B9845
A7353,B6628
A7355,B2431
A7356,B229
A7358,B1089
A7365,B6784
A7369,B6332
A7381,B5571
A7385,B859
A7389,B6615
A7390,B183
A7393,B1266
A7399,B6973
A7400,B9259
A7408,B4710
A7414,B9851
A7415,B6223
A7418,B2649
A7420,B144
A7427,B4006
A7429,B8293
A7431,B3814
A7440,B4930
A7447,B6944
A7454,B2468
A7456,B8842
A7462,B8385
A7464,B6464
A7468,B8075
A7470,B2466
A7471,B4862
A7472,B1466
A7474,B5324
A7477,B8290
A7478,B4585
A7480,B1417
A7483,B1747
A7484,B9080
A7488,B3791
A7490,B441
A7493,B148
A7496,B2990
A7500,B8812
A7501,B901
A7503,B7930
A7510,B3700
A7511,B9757
A7514,B4095
A7516,B5915
A7519,B5156
A7521,B7161
A7522,B8815
A7524,B1699
A7526,B8762
A7528,B4395
A7530,B2959
A7531,B5305
A7532,B9600
A7539,B725
A7541,B7715
A7543,B3018
A7545,B8017
A7547,B9233
A7549,B9920
A7552,B4758
A7554,B3130
A7558,B1826
A7562,B419
A7566,B1731
A7577,B3207
A7578,B1760
A7580,B4709
A7589,B5152
A7591,B3005
A7596,B7345
A7597,B7583
A7598,B6386
A7599,B4821
A7600,B3634
A7602,B1411
A7609,B1521
A7610,B7273
A7611,B5299
A7614,B6538
A7622,B1603
A7624,B4415
A7631,B2495
A7632,B7462
A7633,B3543
A7637,B8212
A7639,B9004
A7642,B435
A7650,B8110
A7655,B5612
A7658,B6211
A7660,B3795
A7661,B9838
A7667,B2795
A7672,B1816
A7677,B6859
A7680,B2575
A7689,B2259
A7691,B6458
A7692,B8540
A7697,B3485
A7698,B9253
A7703,B7030
A7707,B5563
A7708,B2825
A7712,B9166
A7713,B5508
A7714,B7411
A7715,B5291
A7716,B7773
A7720,B8910
A7726,B1207
A7729,B4807
A7732,B2036
A7735,B1428
A7740,B3004
A7741,B2488
A7744,B971
A7747,B8209
A7757,B5711
A7771,B4836
A7774,B6436
A7781,B228
A7782,B5485
A7783,B4944
A7784,B1272
A7786,B5436
A7789,B8435
A7791,B6440
A7792,B9244
A7794,B1839
A7795,B9934
A7796,B816
A7797,B2132
A7799,B6423
A7800,B9518
A7802,B9400
A7806,B2997
A7807,B2000
A7811,B1459
A7812,B712
A7813,B935
A7814,B3215
A7815,B8783
A7819,B3827
A7821,B982
A7822,B187
A7823,B608
A7834,B8987
A7835,B9700
A7836,B4691
A7837,B3951
A7841,B9500
A7848,B1664
A7849,B6168
A7850,B1444
A7851,B5985
A7852,B1999
A7856,B5564
A7866,B1765
A7869,B8564
A7872,B6003
A7873,B1360
A7876,B5175
A7878,B3622
A7886,B2087
A7888,B1064
A7890,B9772
A7891,B141
A7900,B7451
A7906,B7011
A7908,B5918
A7913,B8846
A7916,B2729
A7917,B7580
A7919,B6091
A7922,B6385
A7925,B4824
A7926,B596
A7927,B8195
A7931,B36
A7932,B4905
A7935,B212
A7941,B3266
A7946,B9841
A7948,B6829
A7951,B9945
A7955,B9991
A7960,B1610
A7965,B9974
A7966,B9133
A7967,B8936
A7970,B6148
A7972,B2483
A7973,B8565
A7975,B355
A7982,B5953
A7985,B3628
A7991,B520
A7992,B8031
A7993,B1892
A7999,B9325
A8001,B1897
A8006,B3403
A8007,B8581
A8012,B4716
A8016,B9521
A8019,B5665
A8025,B400
A8026,B4513
A8029,B3288
A8033,B3125
A8041,B1128
A8042,B4390
A8044,B1545
A8050,B3026
A8063,B492
A8064,B3061
A8065,B2969
A8066,B5242
A8070,B702
A8077,B4402
A8078,B9529
A8090,B2621
A8094,B6080
A8095,B6150
A8098,B1918
A8103,B9335
A8108,B3583
A8110,B4525
A8115,B5707
A8119,B7630
A8124,B9683
A8126,B8008
A8127,B287
A8132,B4087
A8134,B3779
A8135,B2554
A8137,B652
A8138,B4873
A8139,B5127
A8145,B7082
A8148,B4663
A8150,B636
A8156,B4674
A8158,B7620
A8168,B5379
A8172,B3148
A8173,B192
A8175,B7425
A8180,B3857
A8181,B5610
A8186,B1516
A8189,B8611
A8192,B6635
A8194,B1573
A8195,B9466
A8197,B7830
A8198,B6328
A8204,B7194
A8205,B4940
A8211,B2991
A8221,B4262
A8229,B553
A8230,B9205
A8234,B4742
A8238,B9856
A8239,B1439
A8242,B8109
A8245,B2942
A8248,B4478
A8250,B5625
A8258,B7517
A8259,B9794
A8265,B5723
A8267,B8001
A8269,B3983
A8273,B158
A8275,B1712
A8276,B9579
A8279,B2812
A8281,B7783
A8288,B663
A8290,B9180
A8292,B6589
A8297,B2714
A8301,B8125
A8304,B3170
A8308,B7549
A8309,B3351
A8313,B6848
A8315,B3812
A8316,B2787
A8322,B2114
A8323,B7761
A8330,B5959
A8332,B9611
A8335,B386
A8349,B271
A8356,B538
A8359,B9172
A8368,B933
A8373,B9972
A8374,B9931
A8382,B3926
A8389,B1770
A8391,B9658
A8395,B8792
A8400,B4107
A8404,B9219
A8408,B3942
A8412,B525
A8416,B3581
A8420,B8609
A8421,B5780
A8423,B4320
A8433,B165
A8437,B9092
A8438,B5965
A8442,B5408
A8444,B9900
A8448,B9893
A8456,B6869
A8459,B874
A8465,B8165
A8470,B4179
A8473,B4220
A8474,B3559
A8479,B3737
A8480,B8124
A8484,B6585
A8487,B9426
A8492,B7422
A8498,B1729
A8506,B3111
A8507,B805
A8509,B8390
A8512,B1515
A8522,B7997
A8529,B6207
A8532,B629
A8533,B8068
A8539,B8538
A8542,B9274
A8547,B7429
A8550,B3353
A8557,B2810
A8558,B7561
A8562,B5115
A8569,B7829
A8572,B7964
A8573,B7764
A8574,B6780
A8575,B7883
A8577,B6969
A8579,B4588
A8584,B1351
A8590,B1293
A8592,B464
A8596,B7207
A8599,B5399
A8604,B6428
A8605,B567
A8606,B9094
A8608,B5329
A8609,B6509
A8613,B1655
A8614,B1952
A8615,B6153
A8629,B1368
A8632,B9859
A8634,B5387
A8635,B1431
A8637,B5229
A8639,B3503
A8652,B7369
A8654,B4132
A8657,B1113
A8667,B1425
A8671,B5584
A8677,B642
A8678,B6854
A8684,B7219
A8686,B1032
A8689,B367
A8696,B2852
A8700,B5574
A8702,B5450
A8703,B2489
A8705,B431
A8707,B2058
A8708,B7436
A8713,B4257
A8715,B5651
A8716,B9382
A8717,B186
A8718,B4492
A8720,B7407
A8721,B4194
A8723,B5925
A8724,B2720
A8734,B918
A8738,B9628
A8739,B136
A8740,B1622
A8743,B7725
A8744,B3522
A8749,B2010
A8751,B9206
A8752,B9675
A8755,B1738
A8758,B7635
A8759,B2979
A8764,B1527
A8774,B7798
A8776,B3140
A8779,B7837
A8782,B3327
A8784,B9150
A8786,B1112
A8790,B6965
A8795,B6348
A8800,B6988
A8802,B1284
A8804,B2302
A8806,B7835
A8811,B1271
A8813,B3345
A8815,B3778
A8818,B4771
A8819,B1537
A8824,B4519
A8825,B5370
A8826,B5589
A8827,B507
A8828,B1896
A8830,B8143
A8833,B2203
A8839,B4469
A8840,B7851
A8841,B9250
A8842,B1814
A8845,B9914
A8846,B2056
A8847,B5318
A8848,B7819
A8856,B3441
A8858,B4565
A8860,B6014
A8864,B1758
A8866,B1373
A8867,B9555
A8868,B4004
A8869,B8732
A8872,B2525
A8874,B5332
A8887,B3858
A8890,B6370
A8892,B6911
A8895,B1286
A8898,B6305
A8899,B4278
A8901,B9693
A8905,B2739
A8907,B5313
A8916,B6130
A8919,B3840
A8920,B3333
A8922,B6070
A8929,B752
A8933,B5104
A8938,B3218
A8939,B7412
A8940,B505
A8944,B4561
A8947,B7231
A8949,B1871
A8953,B7433
A8954,B1088
A8961,B429
A8968,B8661
A8973,B884
A8974,B4384
A8976,B8693
A8977,B6296
A8978,B9831
A8982,B1178
A8985,B5110
A8986,B5744
A8991,B1442
A8992,B5131
A8993,B3226
A8994,B8178
A8996,B7311
A9006,B1646
A9010,B6710
A9012,B9110
A9014,B922
A9016,B6324
A9020,B8916
A9023,B3726
A9025,B9176
A9029,B7787
A9031,B7047
A9032,B5843
A9036,B1684
A9037,B42
A9043,B147
A9049,B3584
A9058,B9857
A9077,B4351
A9078,B264
A9086,B1036
A9087,B4365
A9088,B7214
A9094,B6578
A9096,B4266
A9101,B4024
A9102,B2344
A9106,B3399
A9108,B964
A9109,B1813
A9116,B3803
A9119,B2009
A9125,B8805
A9126,B5751
A9128,B8850
A9129,B6556
A9134,B1240
A9136,B2704
A9139,B5714
A9142,B5101
A9143,B4958
A9145,B2579
A9146,B3129
A9148,B1236
A9151,B8168
A9153,B1479
A9156,B1678
A9163,B4427
A9166,B6087
A9169,B6475
A9170,B6683
A9171,B2030
A9172,B5882
A9173,B2913
A9174,B1468
A9179,B8654
A9184,B4181
A9186,B9476
A9188,B8767
A9189,B1254
A9191,B3750
A9198,B6871
A9201,B9796
A9202,B6159
A9213,B9712
A9217,B7510
A9223,B7627
A9226,B3114
A9231,B4755
A9232,B3260
A9233,B2308
A9234,B3558
A9238,B134
A9239,B3508
A9242,B9178
A9243,B1347
A9245,B733
A9249,B3117
A9252,B5144
A9259,B9850
A9279,B6908
A9283,B5321
A9284,B179
A9287,B8016
A9293,B2770
A9310,B4996
A9312,B4228
A9315,B10000
A9316,B7796
A9317,B8395
A9319,B5507
A9326,B1318
A9330,B6002
A9334,B2652
A9335,B7808
A9338,B2341
A9339,B5970
A9348,B9678
A9349,B6492
A9354,B4812
A9357,B5916
A9359,B4857
A9362,B4239
A9363,B2430
A9365,B5333
A9367,B6021
A9375,B623
A9376,B6361
A9381,B5227
A9389,B6171
A9390,B4138
A9394,B2563
A9409,B3852
A9410,B7299
A9414,B7680
A9417,B7832
A9418,B1206
A9434,B9190
A9435,B916
A9436,B2461
A9441,B5365
A9444,B7328
A9450,B5777
A9451,B573
A9452,B6522
A9460,B9203
A9461,B1053
A9462,B3883
A9465,B9781
A9467,B5437
A9473,B3285
A9474,B7260
A9476,B1587
A9478,B6682
A9488,B4502
A9493,B4706
A9494,B3314
A9496,B8830
A9500,B926
A9501,B3372
A9502,B3929
A9507,B8218
A9508,B4303
A9513,B4902
A9515,B5253
A9517,B9824
A9518,B8057
A9522,B3066
A9529,B3908
A9530,B8793
A9531,B1849
A9534,B4559
A9540,B4800
A9544,B2639
A9548,B9536
A9550,B4642
A9552,B7976
A9556,B5746
A9557,B9097
A9559,B8552
A9563,B8465
A9564,B5709
A9566,B2846
A9567,B2883
A9570,B3436
A9574,B8094
A9578,B878
A9581,B9222
A9582,B8036
A9583,B6991
A9584,B8413
A9587,B7540
A9593,B4551
A9595,B3103
A9596,B2743
A9597,B5435
A9598,B3962
A9599,B1010
A9600,B5750
A9602,B7000
A9606,B122
A9608,B4741
A9610,B1195
A9613,B3422
A9616,B150
A9617,B8905
A9619,B4762
A9621,B7595
A9622,B4214
A9633,B1315
A9634,B7555
A9635,B1830
A9640,B988
A9644,B6562
A9646,B9122
A9651,B9196
A9655,B4455
A9656,B806
A9659,B4391
A9665,B6473
A9670,B5265
A9676,B1974
A9678,B6144
A9680,B2688
A9681,B1529
A9682,B5330
A9684,B7081
A9686,B7799
A9689,B8486
A9699,B2212
A9700,B3853
A9709,B3019
A9711,B117
A9712,B6914
A9713,B4827
A9718,B1645
A9719,B7684
A9721,B6102
A9722,B3547
A9725,B341
A9728,B5474
A9736,B3550
A9738,B4334
A9747,B9326
A9755,B3918
A9760,B9157
A9762,B197
A9763,B4504
A9765,B4679
A9769,B6596
A9771,B8873
A9773,B2299
A9777,B5638
A9782,B2794
A9786,B3197
A9790,B6889
A9791,B4290
A9792,B6145
A9793,B3426
A9794,B7669
A9796,B1227
A9798,B9506
A9799,B1757
A9800,B5283
A9804,B1661
A9806,B4998
A9810,B3236
A9811,B7075
A9812,B7922
A9814,B4641
A9815,B7189
A9818,B4574
A9821,B2941
A9826,B8289
A9827,B9057
A9830,B3873
A9831,B7795
A9837,B3162
A9839,B8813
A9841,B8221
A9844,B3478
A9846,B1914
A9850,B4436
A9853,B1491
A9856,B4341
A9857,B5731
A9862,B1807
A9864,B5294
A9870,B8160
A9871,B4855
A9872,B5674
A9874,B3124
A9877,B4884
A9882,B5810
A9884,B5519
A9885,B3980
A9887,B8868
A9888,B8095
A9891,B4892
A9893,B4644
A9895,B5209
A9898,B7359
A9903,B2763
A9905,B7522
A9908,B2059
A9909,B298
A9911,B4482
A9917,B9270
A9918,B2544
A9921,B2178
A9934,B2291
A9938,B9040
A9942,B7144
A9943,B7785
A9947,B772
A9952,B4130
A9953,B5123
A9955,B1517
A9958,B5409
A9963,B9688
A9970,B9091
A9971,B6052
A9972,B9492
A9973,B3669
A9975,B2534
A9978,B2986
A9980,B9064
A9984,B1326
A9985,B1268
A9992,B5249
A9993,B9765
A9995,B3366
A9996,B1475
A9998,B5567
A10000,B8098
